id,base_price,name,full_image_id,menu_id,thumbnail_image_id
1,5.76,Straw - Regular,,1,
2,5.69,Muffin - Mix - Creme Brule 15l,,2,
3,15.96,Mcgillicuddy Vanilla Schnap,,3,
4,6.78,"Stock - Veal, White",,4,
5,12.74,Beef - Flank Steak,,5,
6,18.11,Cilantro / Coriander - Fresh,,6,
7,7.38,Cinnamon - Stick,,7,
8,2.07,Rum - Mount Gay Eclipes,,8,
9,12.29,Wine - Manischewitz Concord,,9,
10,8.68,Juice - Orangina,,10,
11,5.68,Cape Capensis - Fillet,,11,
12,17.61,Cheese - Provolone,,12,
13,5.58,Beer - Original Organic Lager,,13,
14,17.07,Chips - Potato Jalapeno,,14,
15,5.78,Pasta - Fusili Tri - Coloured,,15,
16,13.13,Beef - Tender Tips,,16,
17,19.36,Coffee - Ristretto Coffee Capsule,,17,
18,13.61,Yucca,,18,
19,19.9,Bread - Granary Small Pull,,19,
20,6.32,Table Cloth 81x81 White,,20,
21,12.21,"Red Snapper - Fresh, Whole",,21,
22,12.2,Huck Towels White,,22,
23,16.59,Bread - Corn Muffaletta,,23,
24,4.88,Beef - Tender Tips,,24,
25,14.44,Apricots - Halves,,25,
26,16.42,Wine - Cousino Macul Antiguas,,26,
27,7.66,Eggroll,,27,
28,4.82,Sausage - Liver,,28,
29,9.87,Parsley Italian - Fresh,,29,
30,2.89,Beans - Fava Fresh,,30,
31,15.52,Pastry - Choclate Baked,,31,
32,7.09,"Salmon - Atlantic, Fresh, Whole",,32,
33,2.81,"Pasta - Elbows, Macaroni, Dry",,33,
34,18.06,Soup - Chicken And Wild Rice,,34,
35,2.89,Pasta - Canelloni,,35,
36,17.7,Butter - Salted,,36,
37,19.88,Nantucket Orange Juice,,37,
38,17.77,Cauliflower,,38,
39,10.76,"Ranchero - Primerba, Paste",,39,
40,14.28,Aspic - Clear,,40,
41,19.4,Lentils - Green Le Puy,,41,
42,7.69,Lobster - Canned Premium,,42,
43,16.31,Cloves - Whole,,43,
44,6.23,Flour - So Mix Cake White,,44,
45,19.5,Pomello,,45,
46,18.49,Spice - Onion Powder Granulated,,46,
47,16.31,Bacardi Limon,,47,
48,10.96,"Bread - Crumbs, Bulk",,48,
49,10.01,Lettuce - Belgian Endive,,49,
50,5.27,Peppercorns - Green,,50,
51,7.41,Trout - Smoked,,51,
52,12.75,Banana,,52,
53,13.37,Chinese Foods - Cantonese,,53,
54,7.98,Dragon Fruit,,54,
55,17.16,Baking Powder,,55,
56,19.82,Nantucket - 518ml,,56,
57,7.12,Wine - Ej Gallo Sonoma,,57,
58,6.56,Venison - Ground,,58,
59,8.26,"Bread - Roll, Whole Wheat",,59,
60,4.02,Table Cloth 90x90 White,,60,
61,4.04,Onions - Cippolini,,61,
62,10.56,"Pepper - Chillies, Crushed",,62,
63,10.15,Juice - Propel Sport,,63,
64,2.21,Galliano,,64,
65,16.55,Venison - Racks Frenched,,65,
66,8.47,Lettuce - Green Leaf,,66,
67,6.43,Lidsoupcont Rp12dn,,67,
68,9.32,Cheese - Brick With Pepper,,68,
69,8.55,Table Cloth - 53x69 Colour,,69,
70,5.43,Pork Ham Prager,,70,
71,19.08,Sprouts - Bean,,71,
72,7.45,"Asparagus - White, Fresh",,72,
73,3.05,Saskatoon Berries - Frozen,,73,
74,8.01,Veal - Striploin,,74,
75,8.85,Vinegar - Balsamic,,75,
76,10.38,Mangostein,,76,
77,9.02,Yogurt - Plain,,77,
78,5.32,Appetizer - Southwestern,,78,
79,4.1,Olives - Nicoise,,79,
80,19.45,Piping Jelly - All Colours,,80,
81,9.82,"Pasta - Rotini, Dry",,81,
82,14.3,"Carrots - Purple, Organic",,82,
83,8.93,Wine - Cave Springs Dry Riesling,,83,
84,3.52,Olive - Spread Tapenade,,84,
85,5.8,Allspice - Jamaican,,85,
86,15.27,"Croissant, Raw - Mini",,86,
87,2.57,Gatorade - Cool Blue Raspberry,,87,
88,5.98,Bread Base - Goodhearth,,88,
89,4.49,Mortadella,,89,
90,17.83,Flour - Chickpea,,90,
91,4.42,"Appetizer - Mini Egg Roll, Shrimp",,91,
92,6.49,Nantucket Cranberry Juice,,92,
93,9.47,Chocolate - Compound Coating,,93,
94,10.26,Fiddlehead - Frozen,,94,
95,4.36,Soy Protein,,95,
96,2.25,Soup - Boston Clam Chowder,,96,
97,5.3,Cheese - La Sauvagine,,97,
98,19.69,Peppercorns - Green,,98,
99,16.93,"Roe - Lump Fish, Black",,99,
100,8.82,"Vermacelli - Sprinkles, Assorted",,100,
101,6.16,Chicken - Soup Base,,101,
102,19.51,Hinge W Undercut,,102,
103,11.01,Bacardi Breezer - Strawberry,,103,
104,6.36,"Coconut - Shredded, Unsweet",,104,
105,15.68,Curry Powder Madras,,105,
106,18.84,Steampan - Lid For Half Size,,106,
107,9.97,"Nut - Hazelnut, Ground, Natural",,107,
108,7.44,Calaloo,,108,
109,19.25,Sandwich Wrap,,109,
110,11.59,Tomatoes - Grape,,110,
111,8.05,Pate - Liver,,111,
112,11.88,Veal - Liver,,112,
113,12.1,Basil - Seedlings Cookstown,,113,
114,7.05,Veal - Insides Provini,,114,
115,19.96,Pan Grease,,115,
116,4.94,Honey - Lavender,,116,
117,9.0,Gatorade - Lemon Lime,,117,
118,18.97,Ham - Procutinni,,118,
119,9.25,Appetizer - Cheese Bites,,119,
120,18.19,"Soda Water - Club Soda, 355 Ml",,120,
121,9.32,Beef Cheek Fresh,,121,
122,8.7,"Tart Shells - Barquettes, Savory",,122,
123,9.64,Icecream - Dibs,,123,
124,12.91,Beef - Striploin Aa,,124,
125,8.23,Pork Salted Bellies,,125,
126,2.63,Wine - Zinfandel California 2002,,126,
127,17.08,Water Chestnut - Canned,,127,
128,7.83,Coffee - Egg Nog Capuccino,,128,
129,14.88,"Club Soda - Schweppes, 355 Ml",,129,
130,11.68,"Nut - Peanut, Roasted",,130,
131,2.11,Sauce - Alfredo,,131,
132,5.54,Cheese Cloth No 60,,132,
133,12.59,Sausage - Chorizo,,133,
134,7.33,Beer - Upper Canada Lager,,134,
135,16.95,"Water - Mineral, Natural",,135,
136,16.94,Beef Dry Aged Tenderloin Aaa,,136,
137,18.58,Sugar - Brown,,137,
138,16.83,Oysters - Smoked,,138,
139,3.15,Bread - Corn Muffaletta,,139,
140,10.09,Sorrel - Fresh,,140,
141,16.37,Wine - Valpolicella Masi,,141,
142,12.93,"Pasta - Cappellini, Dry",,142,
143,3.03,Tea Leaves - Oolong,,143,
144,16.26,"Fish - Base, Bouillion",,144,
145,17.1,"Cheese - Havarti, Roasted Garlic",,145,
146,2.03,"Wine - Red, Cooking",,146,
147,8.32,Rice - Brown,,147,
148,14.79,Table Cloth 90x90 Colour,,148,
149,17.01,"Pork - Chop, Frenched",,149,
150,10.89,Pepper - Chilli Seeds Mild,,150,
151,13.97,Island Oasis - Banana Daiquiri,,151,
152,14.62,Crackers - Melba Toast,,152,
153,14.48,Tamarillo,,153,
154,17.88,Chicken Giblets,,154,
155,18.9,"Pesto - Primerba, Paste",,155,
156,3.15,Cardamon Seed / Pod,,156,
157,14.3,Pork - Side Ribs,,157,
158,3.12,Dry Ice,,158,
159,2.29,Olive - Spread Tapenade,,159,
160,8.28,Spinach - Spinach Leaf,,160,
161,12.38,Flavouring Vanilla Artificial,,161,
162,18.86,Dried Cranberries,,162,
163,9.94,"Rum - Light, Captain Morgan",,163,
164,4.84,"Soup - Campbells, Minestrone",,164,
165,4.44,Papayas,,165,
166,4.59,Cloves - Whole,,166,
167,2.36,"Pepper - Paprika, Hungarian",,167,
168,12.82,Beef - Short Ribs,,168,
169,13.34,Tamarillo,,169,
170,3.15,Cheese - Montery Jack,,170,
171,7.28,Vinegar - Raspberry,,171,
172,4.35,Beef Tenderloin Aaa,,172,
173,5.19,Ice Cream - Chocolate,,173,
174,17.04,Liners - Baking Cups,,174,
175,19.81,Spice - Greek 1 Step,,175,
176,4.89,Skewers - Bamboo,,176,
177,14.95,Milk - Condensed,,177,
178,14.76,Pickles - Gherkins,,178,
179,18.54,Jam - Raspberry,,179,
180,14.77,Jameson - Irish Whiskey,,180,
181,10.59,Cilantro / Coriander - Fresh,,181,
182,15.93,"Beef - Kindney, Whole",,182,
183,4.48,Bread Roll Foccacia,,183,
184,11.49,Capers - Pickled,,184,
185,3.53,Lamb - Loin Chops,,185,
186,13.68,Pickerel - Fillets,,186,
187,5.93,Lettuce - Escarole,,187,
188,9.36,Bananas,,188,
189,7.15,Lettuce - Treviso,,189,
190,19.5,Beer - Rickards Red,,190,
191,15.78,"Bread - White, Unsliced",,191,
192,11.98,Duck - Breast,,192,
193,3.61,"Mustard - Dry, Powder",,193,
194,6.01,Spinach - Frozen,,194,
195,16.24,Cocoa Powder - Dutched,,195,
196,19.96,Tarragon - Fresh,,196,
197,14.08,"Pork - Back, Short Cut, Boneless",,197,
198,9.14,Longos - Assorted Sandwich,,198,
199,6.56,Oven Mitts 17 Inch,,199,
200,11.34,Wine - Ruffino Chianti Classico,,200,
201,8.27,Ecolab - Ster Bac,,201,
202,17.2,Liners - Baking Cups,,202,
203,14.24,Aspic - Amber,,203,
204,9.39,Edible Flower - Mixed,,204,
205,9.28,Olives - Nicoise,,205,
206,8.43,Crawfish,,206,
207,8.22,Sprouts - Pea,,207,
208,10.38,"Chocolate - Milk, Callets",,208,
209,7.44,Spinach - Baby,,209,
210,11.71,Sobe - Berry Energy,,210,
211,8.23,"Veal - Brisket, Provimi,bnls",,211,
212,7.43,General Purpose Trigger,,212,
213,7.28,Wine - Casillero Del Diablo,,213,
214,16.47,Spice - Greek 1 Step,,214,
215,12.19,Pork - Shoulder,,215,
216,6.15,Melon - Cantaloupe,,216,
217,6.93,"Nut - Walnut, Pieces",,217,
218,10.91,Wine - Alicanca Vinho Verde,,218,
219,17.57,Rice Wine - Aji Mirin,,219,
220,14.58,Pastry - Baked Scones - Mini,,220,
221,15.51,Bacardi Mojito,,221,
222,16.59,Pastry - Banana Tea Loaf,,222,
223,5.2,Wine - Chablis 2003 Champs,,223,
224,10.46,Sausage - Chorizo,,224,
225,9.77,Lid - 0090 Clear,,225,
226,15.54,Oil - Shortening - All - Purpose,,226,
227,19.45,"Wine - White, Mosel Gold",,227,
228,7.55,Mikes Hard Lemonade,,228,
229,6.06,"Wine - Red, Cabernet Sauvignon",,229,
230,19.43,Lettuce - Lolla Rosa,,230,
231,5.78,Puree - Mango,,231,
232,6.1,Neckerchief Blck,,232,
233,12.23,Oil - Pumpkinseed,,233,
234,2.21,Wine - Black Tower Qr,,234,
235,10.28,Wine - Sicilia Igt Nero Avola,,235,
236,3.61,Wine - Sicilia Igt Nero Avola,,236,
237,7.85,Chinese Foods - Thick Noodles,,237,
238,4.5,"Halibut - Whole, Fresh",,238,
239,10.43,"Potatoes - Purple, Organic",,239,
240,5.21,Sauce - Balsamic Viniagrette,,240,
241,15.85,Pepper - Roasted Red,,241,
242,13.94,"Pork - Tenderloin, Fresh",,242,
243,6.72,Vector Energy Bar,,243,
244,2.53,Garlic Powder,,244,
245,3.16,Cheese - Camembert,,245,
246,12.01,Wine - Magnotta - Bel Paese White,,246,
247,9.05,Beef - Top Butt,,247,
248,8.33,Apple - Macintosh,,248,
249,12.51,"Soup - Campbells, Creamy",,249,
250,14.8,Kahlua,,250,
251,8.2,Pepper - Yellow Bell,,251,
252,16.27,Fruit Mix - Light,,252,
253,19.86,Chef Hat 20cm,,253,
254,4.21,Squeeze Bottle,,254,
255,16.8,Bread - Triangle White,,255,
256,7.41,"Wine - White, Schroder And Schyl",,256,
257,18.48,Whmis Spray Bottle Graduated,,257,
258,6.92,Sauce - Rosee,,258,
259,7.17,"Vodka - Hot, Lnferno",,259,
260,5.84,Pepper - Sorrano,,260,
261,17.86,Cheese - Feta,,261,
262,17.46,Oil - Shortening - All - Purpose,,262,
263,16.71,Black Currants,,263,
264,10.33,Wakami Seaweed,,264,
265,12.27,Nori Sea Weed - Gold Label,,265,
266,18.5,Neckerchief Blck,,266,
267,13.57,Magnotta Bel Paese Red,,267,
268,11.67,Squid - Breaded,,268,
269,14.54,"Sauce - Bernaise, Mix",,269,
270,14.45,"Oil - Truffle, White",,270,
271,18.73,Wine - Rhine Riesling Wolf Blass,,271,
272,14.07,Container - Clear 16 Oz,,272,
273,4.39,Sandwich Wrap,,273,
274,16.35,Taro Root,,274,
275,9.71,Wine - Acient Coast Caberne,,275,
276,14.62,Lettuce - Lolla Rosa,,276,
277,15.78,Pineapple - Golden,,277,
278,19.78,Pheasants - Whole,,278,
279,18.17,"Basil - Dry, Rubbed",,279,
280,9.34,Wine - Cava Aria Estate Brut,,280,
281,13.83,Sun - Dried Tomatoes,,281,
282,2.87,Pail For Lid 1537,,282,
283,14.61,"Cheese - Manchego, Spanish",,283,
284,5.01,Truffle - Peelings,,284,
285,14.95,Bacardi Raspberry,,285,
286,13.99,Napkin Colour,,286,
287,4.84,Ecolab - Hobart Washarm End Cap,,287,
288,15.77,Foil Cont Round,,288,
289,9.4,Bananas,,289,
290,19.05,Wine - Masi Valpolocell,,290,
291,12.49,Wine - Red Oakridge Merlot,,291,
292,18.72,Lettuce - Boston Bib - Organic,,292,
293,8.7,Bread - Wheat Baguette,,293,
294,5.85,"Soup - French Onion, Dry",,294,
295,8.37,Wine - Magnotta - Cab Franc,,295,
296,4.23,"Lamb - Leg, Bone In",,296,
297,16.87,Irish Cream - Baileys,,297,
298,13.12,Bar Energy Chocchip,,298,
299,6.3,Godiva White Chocolate,,299,
300,7.27,Towel Multifold,,300,
301,3.78,"Rum - Light, Captain Morgan",,301,
302,6.85,Apple - Northern Spy,,302,
303,4.35,Bouq All Italian - Primerba,,303,
304,5.8,Beer - Blue,,304,
305,7.96,Silicone Parch. 16.3x24.3,,305,
306,9.46,Ecolab - Mikroklene 4/4 L,,306,
307,17.68,Wine - Zonnebloem Pinotage,,307,
308,5.51,Pepper - Jalapeno,,308,
309,9.36,Raisin - Golden,,309,
310,3.66,Chinese Lemon Pork,,310,
311,6.43,Peas Snow,,311,
312,10.76,Ecolab - Ster Bac,,312,
313,14.46,Irish Cream - Baileys,,313,
314,5.4,Wine - Sake,,314,
315,6.16,Cup - Translucent 7 Oz Clear,,315,
316,12.89,"Wine - Red, Lurton Merlot De",,316,
317,5.96,"Juice - Tomato, 10 Oz",,317,
318,17.39,Juice - Lagoon Mango,,318,
319,19.24,Potatoes - Mini Red,,319,
320,19.99,Scotch - Queen Anne,,320,
321,14.51,Chicken - Whole Fryers,,321,
322,13.74,Table Cloth 62x114 White,,322,
323,15.13,"Beef - Ox Tail, Frozen",,323,
324,12.81,"Pork - Chop, Frenched",,324,
325,10.12,Pear - Packum,,325,
326,13.93,Bacardi Limon,,326,
327,10.94,"Salmon - Whole, 4 - 6 Pounds",,327,
328,5.91,Milk - Condensed,,328,
329,16.14,Pie Filling - Cherry,,329,
330,2.53,"Wine - Red, Harrow Estates, Cab",,330,
331,3.23,Aspic - Clear,,331,
332,5.84,Chambord Royal,,332,
333,9.02,Mousse - Passion Fruit,,333,
334,5.44,Chervil - Fresh,,334,
335,12.68,Hot Choc Vending,,335,
336,19.35,Beef - Montreal Smoked Brisket,,336,
337,16.66,Pate Pans Yellow,,337,
338,11.85,Oil - Hazelnut,,338,
339,7.23,"Sauce - Gravy, Au Jus, Mix",,339,
340,19.02,"Garlic - Primerba, Paste",,340,
341,3.47,Juice - Orange 1.89l,,341,
342,6.34,"Sugar - Sweet N Low, Individual",,342,
343,16.17,Corn Meal,,343,
344,4.08,Beer - Molson Excel,,344,
345,6.74,Onions Granulated,,345,
346,11.15,Beer - Pilsner Urquell,,346,
347,16.78,Sorrel - Fresh,,347,
348,3.9,Puree - Passion Fruit,,348,
349,15.98,Soup - Cream Of Potato / Leek,,349,
350,19.59,Tia Maria,,350,
351,4.39,Potatoes - Mini Red,,351,
352,7.99,"Water, Tap",,352,
353,13.57,"Jam - Strawberry, 20 Ml Jar",,353,
354,19.49,Crush - Cream Soda,,354,
355,18.72,Appetizer - Lobster Phyllo Roll,,355,
356,4.99,Carrots - Mini Red Organic,,356,
357,15.3,Celery Root,,357,
358,19.79,Spice - Pepper Portions,,358,
359,13.54,Beef - Kobe Striploin,,359,
360,8.04,"Vermouth - White, Cinzano",,360,
361,6.08,Bacardi Breezer - Tropical,,361,
362,3.97,Bulgar,,362,
363,8.99,Sobe - Orange Carrot,,363,
364,14.48,Duck - Fat,,364,
365,11.2,Syrup - Pancake,,365,
366,7.12,Bread Sour Rolls,,366,
367,13.46,Flower - Leather Leaf Fern,,367,
368,14.19,Extract - Raspberry,,368,
369,13.82,Grouper - Fresh,,369,
370,11.96,Chicken - Whole Fryers,,370,
371,14.22,Chinese Foods - Chicken,,371,
372,14.08,Carbonated Water - Blackcherry,,372,
373,16.66,Trueblue - Blueberry,,373,
374,15.46,Octopus,,374,
375,8.19,Juice - Lagoon Mango,,375,
376,9.5,Artichokes - Jerusalem,,376,
377,5.34,Dasheen,,377,
378,19.34,"Coffee - Colombian, Portioned",,378,
379,9.85,Tea - Grapefruit Green Tea,,379,
380,10.88,Mix Pina Colada,,380,
381,10.09,Lid Tray - 12in Dome,,381,
382,5.35,"Cheese - Boursin, Garlic / Herbs",,382,
383,4.36,Raspberries - Frozen,,383,
384,5.73,Gelatine Powder,,384,
385,16.85,"Pasta - Tortellini, Fresh",,385,
386,15.67,Blue Curacao - Marie Brizard,,386,
387,15.68,"Juice - Orange, 341 Ml",,387,
388,19.25,Soup - Cream Of Potato / Leek,,388,
389,13.85,Bouillion - Fish,,389,
390,7.02,Glass Clear 7 Oz Xl,,390,
391,14.91,Beef - Sushi Flat Iron Steak,,391,
392,15.15,Oats Large Flake,,392,
393,14.0,"Tart Shells - Sweet, 2",,393,
394,17.12,Coffee Guatemala Dark,,394,
395,8.99,Basil - Seedlings Cookstown,,395,
396,14.48,Lettuce - Green Leaf,,396,
397,10.63,"Ice - Clear, 300 Lb For Carving",,397,
398,11.39,"Juice - Cranberry, 341 Ml",,398,
399,6.45,Sauerkraut,,399,
400,16.93,Sage Ground Wiberg,,400,
401,8.58,Wine - Chianti Classica Docg,,401,
402,6.92,Juice - Lagoon Mango,,402,
403,4.17,Oven Mitt - 13 Inch,,403,
404,5.09,Broccoli - Fresh,,404,
405,15.64,Beer - True North Lager,,405,
406,7.46,Crackers - Melba Toast,,406,
407,3.78,Samosa - Veg,,407,
408,17.89,Bread - Italian Corn Meal Poly,,408,
409,18.12,Beef - Sushi Flat Iron Steak,,409,
410,5.47,Breadfruit,,410,
411,10.82,V8 Splash Strawberry Banana,,411,
412,14.23,Coffee - Cafe Moreno,,412,
413,13.77,Cheese - Blue,,413,
414,10.15,Cake - Lemon Chiffon,,414,
415,4.84,Oven Mitts - 15 Inch,,415,
416,14.41,"Beef - Tongue, Cooked",,416,
417,17.02,Celery,,417,
418,2.55,Lettuce Romaine Chopped,,418,
419,3.59,Glaze - Apricot,,419,
420,15.74,"Veal - Insides, Grains",,420,
421,15.26,Sole - Iqf,,421,
422,6.58,Mussels - Frozen,,422,
423,17.72,Cheese - Goat,,423,
424,2.8,"Appetizer - Mini Egg Roll, Shrimp",,424,
425,2.8,Shrimp - Black Tiger 16/20,,425,
426,15.75,"Pasta - Rotini, Colour, Dry",,426,
427,14.23,Bread - Olive Dinner Roll,,427,
428,14.88,Cake - Lemon Chiffon,,428,
429,8.31,"Crush - Orange, 355ml",,429,
430,9.86,Oil - Shortening - All - Purpose,,430,
431,3.04,Puree - Mango,,431,
432,8.58,Spice - Onion Powder Granulated,,432,
433,7.12,"Juice - Grapefruit, 341 Ml",,433,
434,5.68,Whmis - Spray Bottle Trigger,,434,
435,14.91,Persimmons,,435,
436,5.1,Octopus,,436,
437,3.79,Brandy Cherry - Mcguinness,,437,
438,10.17,Flour - Cake,,438,
439,10.43,Lid - 3oz Med Rec,,439,
440,19.76,Longos - Grilled Chicken With,,440,
441,13.21,Zucchini - Yellow,,441,
442,3.96,Bread - Multigrain Oval,,442,
443,11.13,Lettuce Romaine Chopped,,443,
444,16.74,"Brocolinni - Gaylan, Chinese",,444,
445,18.96,Wine - Rosso Toscano Igt,,445,
446,2.22,Cleaner - Lime Away,,446,
447,5.67,Vegetable - Base,,447,
448,8.67,Onion Powder,,448,
449,6.7,Cake - Box Window 10x10x2.5,,449,
450,16.71,Broom - Push,,450,
451,9.72,Truffle Paste,,451,
452,19.35,Shallots,,452,
453,8.32,Milk - Chocolate 250 Ml,,453,
454,4.7,Oil - Canola,,454,
455,5.5,Pepper - Pablano,,455,
456,14.75,Guinea Fowl,,456,
457,16.07,"Artichoke - Hearts, Canned",,457,
458,19.59,Bread - Rosemary Focaccia,,458,
459,11.53,Hot Chocolate - Individual,,459,
460,8.84,"Vermacelli - Sprinkles, Assorted",,460,
461,17.81,"Syrup - Monin, Amaretta",,461,
462,2.7,Grapes - Green,,462,
463,7.77,"Pasta - Cannelloni, Sheets, Fresh",,463,
464,11.16,Appetizer - Asian Shrimp Roll,,464,
465,12.94,Beer - Sleemans Honey Brown,,465,
466,8.2,Goat - Leg,,466,
467,8.67,Bread - French Stick,,467,
468,14.35,Mints - Striped Red,,468,
469,5.79,Dates,,469,
470,3.26,"Beef - Ox Tail, Frozen",,470,
471,19.27,Squash - Acorn,,471,
472,3.75,Red Cod Fillets - 225g,,472,
473,3.89,Pepper - Cubanelle,,473,
474,14.58,"Pasta - Cappellini, Dry",,474,
475,18.68,"Mushroom - Chanterelle, Dry",,475,
476,13.78,Sea Bass - Fillets,,476,
477,16.14,Buttons,,477,
478,14.67,Coffee - Decaffeinato Coffee,,478,
479,13.66,Wine - Jaboulet Cotes Du Rhone,,479,
480,17.25,Monkfish - Fresh,,480,
481,19.31,Chicken - Whole,,481,
482,17.34,Bandage - Finger Cots,,482,
483,14.35,The Pop Shoppe - Lime Rickey,,483,
484,2.86,Basil - Pesto Sauce,,484,
485,5.74,Wine - Clavet Saint Emilion,,485,
486,19.1,Oven Mitts - 15 Inch,,486,
487,8.25,Tea - Herbal I Love Lemon,,487,
488,4.11,Maintenance Removal Charge,,488,
489,15.4,Food Colouring - Blue,,489,
490,10.39,"Mushroom - Shitake, Fresh",,490,
491,17.08,Cocoa Butter,,491,
492,12.73,Foil Wrap,,492,
493,3.45,Beef - Top Butt Aaa,,493,
494,14.25,Wine - Dubouef Macon - Villages,,494,
495,9.47,Pie Pecan,,495,
496,15.35,"Wine - Red, Black Opal Shiraz",,496,
497,3.29,Bread Base - Gold Formel,,497,
498,11.3,"Wine - Magnotta - Red, Baco",,498,
499,11.52,"Sauce - Soya, Dark",,499,
500,3.23,Mousse - Mango,,500,
501,6.71,"Tomatoes - Plum, Canned",,501,
502,8.62,Wine - Red Oakridge Merlot,,502,
503,9.19,Irish Cream - Baileys,,503,
504,4.92,Magnotta - Bel Paese White,,504,
505,3.26,Bread - English Muffin,,505,
506,11.7,Sprouts - Pea,,506,
507,16.15,Sauce Tomato Pouch,,507,
508,3.89,Water - Spring 1.5lit,,508,
509,14.94,Honey - Comb,,509,
510,6.13,Juice - Lagoon Mango,,510,
511,2.29,Beans - Green,,511,
512,16.14,Plasticspoonblack,,512,
513,12.91,Energy Drink - Franks Pineapple,,513,
514,18.23,Broom - Angled,,514,
515,11.81,Truffle Cups - Red,,515,
516,15.98,Whmis - Spray Bottle Trigger,,516,
517,8.52,Bread - Olive Dinner Roll,,517,
518,19.13,Turnip - White,,518,
519,13.18,Fruit Mix - Light,,519,
520,8.79,Yogurt - Plain,,520,
521,16.93,Papadam,,521,
522,5.96,Muffin Mix - Carrot,,522,
523,15.49,"Wine - White, Ej",,523,
524,7.55,"Wine - Red, Pelee Island Merlot",,524,
525,18.53,Wine - Balbach Riverside,,525,
526,11.8,Cauliflower,,526,
527,19.2,Lid Tray - 12in Dome,,527,
528,19.67,"Juice - Cranberry, 341 Ml",,528,
529,3.42,Mini - Vol Au Vents,,529,
530,10.46,Beef - Diced,,530,
531,10.97,Syrup - Monin - Granny Smith,,531,
532,11.58,Juice - Apple 284ml,,532,
533,4.02,Eggplant - Regular,,533,
534,3.7,Water - Spring 1.5lit,,534,
535,10.22,Cake - Lemon Chiffon,,535,
536,2.08,Nacho Chips,,536,
537,19.83,Baking Soda,,537,
538,15.68,"Beans - Kidney, Canned",,538,
539,8.54,Bread - Rosemary Focaccia,,539,
540,6.68,Wine - Sicilia Igt Nero Avola,,540,
541,7.86,Oysters - Smoked,,541,
542,8.4,Tofu - Firm,,542,
543,9.93,Mustard - Pommery,,543,
544,15.93,Pork - Hock And Feet Attached,,544,
545,2.54,Chocolate - Compound Coating,,545,
546,12.46,"Peas - Pigeon, Dry",,546,
547,9.33,"Rum - Cream, Amarula",,547,
548,12.95,Beer - Sleemans Honey Brown,,548,
549,17.71,Food Colouring - Green,,549,
550,17.56,Ecolab Digiclean Mild Fm,,550,
551,4.8,Kippers - Smoked,,551,
552,17.72,Sprouts - Brussel,,552,
553,4.07,Wine - Chablis 2003 Champs,,553,
554,16.29,Cheese - Gouda,,554,
555,2.02,Beef - Diced,,555,
556,14.27,Napkin White - Starched,,556,
557,5.01,Higashimaru Usukuchi Soy,,557,
558,11.87,Wine - Lou Black Shiraz,,558,
559,13.17,Sausage - Chorizo,,559,
560,6.42,Flower - Daisies,,560,
561,10.61,Crab Brie In Phyllo,,561,
562,12.32,Cheese - Feta,,562,
563,17.83,Cake - Box Window 10x10x2.5,,563,
564,15.51,"Pork - Bacon,back Peameal",,564,
565,4.69,Rice Wine - Aji Mirin,,565,
566,19.59,Wine - Chablis 2003 Champs,,566,
567,7.33,Soup - Base Broth Chix,,567,
568,13.67,Pails With Lids,,568,
569,2.32,Glucose,,569,
570,17.85,"Wine - White, Ej",,570,
571,2.31,"Soup - Knorr, Chicken Gumbo",,571,
572,18.87,"Cheese - Boursin, Garlic / Herbs",,572,
573,14.27,"Capon - Breast, Double, Wing On",,573,
574,14.18,"Beans - Black Bean, Dry",,574,
575,5.61,Bread - Sour Sticks With Onion,,575,
576,3.21,"Yeast - Fresh, Fleischman",,576,
577,3.36,Toothpick Frilled,,577,
578,6.69,Pears - Bartlett,,578,
579,9.71,Carbonated Water - Raspberry,,579,
580,9.81,"Tart Shells - Sweet, 2",,580,
581,6.48,Bread Crumbs - Japanese Style,,581,
582,4.87,Coffee - Irish Cream,,582,
583,4.94,Mousse - Banana Chocolate,,583,
584,4.11,"Mushroom - Chanterelle, Dry",,584,
585,19.71,Napkin White,,585,
586,12.76,"Oil - Olive, Extra Virgin",,586,
587,7.72,Wine - Chateau Aqueria Tavel,,587,
588,6.8,Lettuce - Curly Endive,,588,
589,17.1,Lamb - Rack,,589,
590,2.17,Dc Hikiage Hira Huba,,590,
591,3.44,Lobster - Canned Premium,,591,
592,16.48,Carbonated Water - Wildberry,,592,
593,18.24,"Pasta - Orzo, Dry",,593,
594,2.26,Tamarind Paste,,594,
595,19.41,English Muffin,,595,
596,8.27,Energy Drink Red Bull,,596,
597,8.66,Wine - Gato Negro Cabernet,,597,
598,16.34,Ecolab - Power Fusion,,598,
599,5.14,Chocolate - Chips Compound,,599,
600,2.49,Cornstarch,,600,
601,6.87,Juice - Ocean Spray Kiwi,,601,
602,5.02,Bar Nature Valley,,602,
603,15.28,Soup - Base Broth Chix,,603,
604,6.37,Bread - White Mini Epi,,604,
605,10.26,"Shrimp - 21/25, Peel And Deviened",,605,
606,7.58,"Salmon - Smoked, Sliced",,606,
607,6.75,"Tendrils - Baby Pea, Organic",,607,
608,4.14,"Bread - Pullman, Sliced",,608,
609,3.86,Longos - Lasagna Veg,,609,
610,13.92,Chevere Logs,,610,
611,3.52,"Nut - Hazelnut, Ground, Natural",,611,
612,4.95,Wine - Muscadet Sur Lie,,612,
613,8.38,"Rice Pilaf, Dry,package",,613,
614,12.73,Cookie Dough - Double,,614,
615,16.36,Veal - Heart,,615,
616,12.46,"Jam - Marmalade, Orange",,616,
617,13.11,Flour Pastry Super Fine,,617,
618,10.86,"Pasta - Cappellini, Dry",,618,
619,5.65,Yucca,,619,
620,18.13,Cheese - Cottage Cheese,,620,
621,2.28,"Pasta - Bauletti, Chicken White",,621,
622,13.13,Extract - Lemon,,622,
623,8.29,Soup Bowl Clear 8oz92008,,623,
624,5.3,Chocolate - Semi Sweet,,624,
625,12.87,Coffee Guatemala Dark,,625,
626,19.34,Pastry - Chocolate Marble Tea,,1,
627,12.67,Cleaner - Comet,,2,
628,18.03,"Ecolab - Orange Frc, Cleaner",,3,
629,15.68,Tomatoes - Heirloom,,4,
630,10.72,Piping Jelly - All Colours,,5,
631,15.3,Bowl 12 Oz - Showcase 92012,,6,
632,19.82,Rice - Brown,,7,
633,9.12,Beer - Mill St Organic,,8,
634,12.53,Beer - Upper Canada Light,,9,
635,12.6,Papadam,,10,
636,4.05,"Tendrils - Baby Pea, Organic",,11,
637,13.47,Sun - Dried Tomatoes,,12,
638,13.49,Flower - Commercial Spider,,13,
639,12.29,Beef - Ground Lean Fresh,,14,
640,4.19,Cabbage - Savoy,,15,
641,14.5,Shiratamako - Rice Flour,,16,
642,18.9,Beef - Ground Medium,,17,
643,2.71,Tea - Lemon Scented,,18,
644,3.24,Wine - Beaujolais Villages,,19,
645,14.65,Fond - Neutral,,20,
646,6.79,"Cheese - Mozzarella, Shredded",,21,
647,15.88,Eggroll,,22,
648,5.42,Pastry - Baked Scones - Mini,,23,
649,16.23,Shrimp - Black Tiger 6 - 8,,24,
650,6.61,Cranberries - Fresh,,25,
651,6.57,Truffle Shells - White Chocolate,,26,
652,2.11,Rappini - Andy Boy,,27,
653,19.35,Mustard - Pommery,,28,
654,12.17,Container - Clear 32 Oz,,29,
655,8.83,Foam Tray S2,,30,
656,9.68,Sugar - Splenda Sweetener,,31,
657,6.16,Cucumber - English,,32,
658,6.23,Bay Leaf Ground,,33,
659,9.66,Eel - Smoked,,34,
660,6.05,Milk - 1%,,35,
661,16.35,Juice - Propel Sport,,36,
662,8.57,"Pepsi, 355 Ml",,37,
663,16.39,Sobe - Cranberry Grapefruit,,38,
664,16.93,"Wine - White, Riesling, Henry Of",,39,
665,15.15,"Pork - Ham, Virginia",,40,
666,4.12,"Pasta - Canelloni, Single Serve",,41,
667,8.58,Steel Wool S.o.s,,42,
668,10.26,Duck - Whole,,43,
669,15.69,Grapefruit - White,,44,
670,19.13,Lettuce - Iceberg,,45,
671,2.62,Salt And Pepper Mix - Black,,46,
672,14.69,Baking Soda,,47,
673,15.4,"Pasta - Fett Alfredo, Single Serve",,48,
674,18.84,Flower - Potmums,,49,
675,18.58,Appetizer - Mango Chevre,,50,
676,15.71,Slt - Individual Portions,,51,
677,5.94,Tequila Rose Cream Liquor,,52,
678,7.88,"Wine - White, Pinot Grigio",,53,
679,14.13,Lettuce - Radicchio,,54,
680,15.39,"Tea - Darjeeling, Azzura",,55,
681,15.24,"Shrimp - Baby, Cold Water",,56,
682,9.81,"Pineapple - Canned, Rings",,57,
683,11.64,Veal - Inside,,58,
684,13.86,Wine - Baron De Rothschild,,59,
685,12.66,Lettuce - Escarole,,60,
686,11.84,Sage - Rubbed,,61,
687,2.54,Milk - Condensed,,62,
688,7.8,Mushroom - Chanterelle Frozen,,63,
689,5.48,Wine - Chablis J Moreau Et Fils,,64,
690,17.72,"Pasta - Fettuccine, Egg, Fresh",,65,
691,9.62,Wine - Tribal Sauvignon,,66,
692,16.83,Tomatoes,,67,
693,6.09,"Soup - Campbells, Spinach Crm",,68,
694,8.85,Sausage - Breakfast,,69,
695,6.65,Syrup - Chocolate,,70,
696,15.75,Apricots - Halves,,71,
697,5.5,Tart - Pecan Butter Squares,,72,
698,12.67,Wine - Zonnebloem Pinotage,,73,
699,16.88,Bok Choy - Baby,,74,
700,5.92,"Bread - Roll, Soft White Round",,75,
701,13.11,Chocolate - Compound Coating,,76,
702,7.64,Flour Pastry Super Fine,,77,
703,16.35,Cookies Oatmeal Raisin,,78,
704,14.55,Wine - Redchard Merritt,,79,
705,5.65,"Wine - Red, Marechal Foch",,80,
706,10.09,Carbonated Water - Cherry,,81,
707,10.78,"Bread - Bagels, Mini",,82,
708,13.31,Orange - Blood,,83,
709,18.02,Greens Mustard,,84,
710,5.74,Gelatine Leaves - Envelopes,,85,
711,8.16,Beef - Montreal Smoked Brisket,,86,
712,18.08,Table Cloth 81x81 Colour,,87,
713,4.64,Muffin Carrot - Individual,,88,
714,16.82,Garbag Bags - Black,,89,
715,18.23,"Chocolate - Pistoles, Lactee, Milk",,90,
716,17.45,Potatoes - Yukon Gold 5 Oz,,91,
717,17.52,Sprouts - Alfalfa,,92,
718,4.67,"Cheese - Cheddar, Old White",,93,
719,18.53,Chef Hat 25cm,,94,
720,2.51,Salt - Seasoned,,95,
721,13.94,"Doilies - 5, Paper",,96,
722,10.55,Capers - Ox Eye Daisy,,97,
723,18.02,Toothpick Frilled,,98,
724,8.02,Ham - Cooked Bayonne Tinned,,99,
725,17.91,Hersey Shakes,,100,
726,3.2,Oyster - In Shell,,101,
727,13.59,Rabbit - Whole,,102,
728,5.21,Cookie Dough - Oatmeal Rasin,,103,
729,6.42,"Soup - Clam Chowder, Dry Mix",,104,
730,3.51,Pie Pecan,,105,
731,11.14,Table Cloth 54x54 Colour,,106,
732,15.36,Pike - Frozen Fillet,,107,
733,6.76,Mangoes,,108,
734,7.79,Juice - Mango,,109,
735,10.94,"Apple - Delicious, Golden",,110,
736,13.11,Coffee - Irish Cream,,111,
737,5.11,Wine - Prem Select Charddonany,,112,
738,2.45,"Chocolate - Milk, Callets",,113,
739,2.9,Lamb Shoulder Boneless Nz,,114,
740,7.28,"Soup - Knorr, Country Bean",,115,
741,13.68,"Nut - Pine Nuts, Whole",,116,
742,10.15,Foam Espresso Cup Plain White,,117,
743,4.51,"Water - Spring Water, 355 Ml",,118,
744,5.5,Lemon Balm - Fresh,,119,
745,14.35,"Lamb - Loin, Trimmed, Boneless",,120,
746,7.96,Flavouring - Rum,,121,
747,15.21,Salad Dressing,,122,
748,17.92,Cheese - Brick With Onion,,123,
749,12.61,"Wine - Red, Mosaic Zweigelt",,124,
750,15.03,Mayonnaise - Individual Pkg,,125,
751,3.55,Bagel - Plain,,1,
752,2.19,Flour - Semolina,,2,
753,19.62,Bacardi Mojito,,3,
754,14.36,Butter Ripple - Phillips,,4,
755,4.99,Cheese - Parmesan Cubes,,5,
756,12.07,Shrimp - Black Tiger 8 - 12,,6,
757,8.51,Sproutsmustard Cress,,7,
758,17.3,"Pasta - Cannelloni, Sheets, Fresh",,8,
759,2.72,Sandwich Wrap,,9,
760,12.09,Lychee - Canned,,10,
761,7.39,"Lamb - Whole, Frozen",,11,
762,5.67,"Zucchini - Mini, Green",,12,
763,5.06,Lamb - Bones,,13,
764,9.33,Longos - Lasagna Veg,,14,
765,3.29,Cookie Chocolate Chip With,,15,
766,4.97,"Olives - Black, Pitted",,16,
767,17.0,Vinegar - Champagne,,17,
768,12.85,Wine - Barolo Fontanafredda,,18,
769,17.52,"Beef - Bones, Marrow",,19,
770,16.66,Pork Loin Bine - In Frenched,,20,
771,17.22,Chinese Foods - Cantonese,,21,
772,5.42,"Nut - Hazelnut, Ground, Natural",,22,
773,7.82,Smoked Paprika,,23,
774,19.21,"Rum - Cream, Amarula",,24,
775,7.55,"Juice - Grape, White",,25,
776,7.79,Muffin Mix - Blueberry,,26,
777,8.56,Lemons,,27,
778,6.91,Clam - Cherrystone,,28,
779,14.52,Pails With Lids,,29,
780,18.01,Vaccum Bag 10x13,,30,
781,10.5,Wine - Rubyport,,31,
782,5.85,Lettuce - Curly Endive,,32,
783,14.39,"Lettuce - Mini Greens, Whole",,33,
784,10.86,"Cod - Salted, Boneless",,34,
785,15.05,"Brocolinni - Gaylan, Chinese",,35,
786,14.41,Wine - Pinot Noir Latour,,36,
787,13.06,Beef - Top Butt,,37,
788,13.71,"Vermouth - White, Cinzano",,38,
789,18.51,Nantucket - Pomegranate Pear,,39,
790,8.12,Sachet,,40,
791,15.65,Cinnamon Rolls,,41,
792,4.66,Olives - Morracan Dired,,42,
793,15.29,Milk - Buttermilk,,43,
794,7.41,Shrimp - 100 / 200 Cold Water,,44,
795,13.72,Brandy Apricot,,45,
796,5.96,Tart - Lemon,,46,
797,7.62,Spice - Onion Powder Granulated,,47,
798,10.94,Compound - Pear,,48,
799,18.14,Dehydrated Kelp Kombo,,49,
800,19.48,Cherries - Frozen,,50,
801,18.02,Muffin Puck Ww Carrot,,51,
802,13.29,Broom And Brush Rack Black,,52,
803,6.34,Ecolab - Solid Fusion,,53,
804,2.38,Ham Black Forest,,54,
805,11.11,Fireball Whisky,,55,
806,6.74,Curry Paste - Madras,,56,
807,11.98,Soup Campbells Split Pea And Ham,,57,
808,16.65,Pur Source,,58,
809,16.07,Lid Tray - 12in Dome,,59,
810,5.46,Table Cloth 62x120 White,,60,
811,3.06,Cake - Night And Day Choclate,,61,
812,5.45,Rambutan,,62,
813,5.99,Wine - Shiraz South Eastern,,63,
814,3.81,"Brandy - Orange, Mc Guiness",,64,
815,2.21,Rolled Oats,,65,
816,18.79,Cactus Pads,,66,
817,5.48,Temperature Recording Station,,67,
818,17.67,Cheese - Ricotta,,68,
819,5.04,"Lobster - Baby, Boiled",,69,
820,4.09,Plate Pie Foil,,70,
821,18.17,Soy Protein,,71,
822,11.34,Crackers Cheez It,,72,
823,8.26,Bread Fig And Almond,,73,
824,18.94,Duck - Whole,,74,
825,4.73,Rye Special Old,,75,
826,13.66,Sugar - Brown,,76,
827,17.58,Cookie Dough - Peanut Butter,,77,
828,12.0,Muffin Hinge Container 6,,78,
829,13.28,Table Cloth 62x114 Colour,,79,
830,11.96,Spice - Peppercorn Melange,,80,
831,14.95,Wine - Cave Springs Dry Riesling,,81,
832,16.41,"Wine - White, Concha Y Toro",,82,
833,15.94,Pomello,,83,
834,15.43,Chef Hat 25cm,,84,
835,10.56,Chocolate - Sugar Free Semi Choc,,85,
836,14.19,"Wine - White, Pelee Island",,86,
837,15.6,Shopper Bag - S - 4,,87,
838,8.99,"Stock - Veal, White",,88,
839,4.55,Durian Fruit,,89,
840,16.0,"Hickory Smoke, Liquid",,90,
841,19.77,Juice - Happy Planet,,91,
842,4.4,Madeira,,92,
843,17.46,"Extract - Vanilla,artificial",,93,
844,15.09,Black Currants,,94,
845,14.21,Gherkin - Sour,,95,
846,17.69,Beer - Rickards Red,,96,
847,5.29,Tea - Lemon Green Tea,,97,
848,2.61,Lime Cordial - Roses,,98,
849,15.02,Chinese Foods - Pepper Beef,,99,
850,3.42,Syrup - Monin - Blue Curacao,,100,
851,13.82,Soup V8 Roasted Red Pepper,,101,
852,13.44,Pork - Ham Hocks - Smoked,,102,
853,6.56,Hagen Daza - Dk Choocolate,,103,
854,15.91,Spring Roll Wrappers,,104,
855,12.76,Edible Flower - Mixed,,105,
856,2.46,Cleaner - Lime Away,,106,
857,9.32,Squid Ink,,107,
858,19.6,Syrup - Monin - Granny Smith,,108,
859,14.32,Container - Clear 16 Oz,,109,
860,19.67,Container - Clear 16 Oz,,110,
861,5.04,"Wine - White, Antinore Orvieto",,111,
862,7.37,Cheese - Augre Des Champs,,112,
863,9.97,"Lentils - Red, Dry",,113,
864,18.82,Beef - Tenderloin - Aa,,114,
865,3.62,Rabbit - Whole,,115,
866,9.61,Cake - Cheese Cake 9 Inch,,116,
867,18.99,Parsley - Fresh,,117,
868,12.59,"Chocolate - Pistoles, Lactee, Milk",,118,
869,12.14,Pears - Anjou,,119,
870,3.15,"Pasta - Rotini, Dry",,120,
871,11.35,Longos - Greek Salad,,121,
872,13.14,Muffin - Mix - Bran And Maple 15l,,122,
873,16.64,Foil Cont Round,,123,
874,18.88,"Mushroom - Chanterelle, Dry",,124,
875,7.13,Spinach - Spinach Leaf,,125,
876,3.55,Monkfish - Fresh,,1,
877,12.39,Soup - Campbells Mac N Cheese,,2,
878,19.38,Cod - Fillets,,3,
879,14.95,"Asparagus - Green, Fresh",,4,
880,16.86,Wine - White Cab Sauv.on,,5,
881,11.85,Vodka - Moskovskaya,,6,
882,18.77,Milk Powder,,7,
883,4.82,Longos - Burritos,,8,
884,13.22,"Soup - Campbells, Creamy",,9,
885,10.49,Pheasants - Whole,,10,
886,4.01,Wine - White Cab Sauv.on,,11,
887,5.64,Compound - Orange,,12,
888,8.36,Cloves - Whole,,13,
889,2.37,"Juice - Clamato, 341 Ml",,14,
890,3.91,Cheese - Sheep Milk,,15,
891,10.01,"Red Snapper - Fresh, Whole",,16,
892,8.63,Cookies - Englishbay Wht,,17,
893,11.08,Arizona - Plum Green Tea,,18,
894,10.93,Cranberries - Frozen,,19,
895,7.49,Peach - Halves,,20,
896,5.07,Sauce - Rosee,,21,
897,13.18,Sugar - Monocystal / Rock,,22,
898,15.06,Cheese - Parmesan Grated,,23,
899,4.45,Skirt - 29 Foot,,24,
900,17.03,"Split Peas - Yellow, Dry",,25,
901,5.89,Beer - True North Lager,,26,
902,10.22,Momiji Oroshi Chili Sauce,,27,
903,10.53,Bagel - Everything Presliced,,28,
904,5.05,Vector Energy Bar,,29,
905,7.86,"Soup - Campbells, Spinach Crm",,30,
906,5.99,Lamb - Bones,,31,
907,18.34,"Nut - Pecan, Pieces",,32,
908,8.22,Apricots - Halves,,33,
909,3.97,Soup - Campbells Beef Stew,,34,
910,14.56,Onions - Spanish,,35,
911,6.6,Pie Pecan,,36,
912,9.5,Sponge Cake Mix - Vanilla,,37,
913,8.99,Soup Campbells Mexicali Tortilla,,38,
914,14.25,Cheese - Stilton,,39,
915,17.0,Beef - Tenderloin,,40,
916,13.8,"Lamb - Racks, Frenched",,41,
917,12.52,Cheese Cloth No 60,,42,
918,18.93,Cotton Wet Mop 16 Oz,,43,
919,12.86,Milk - Chocolate 250 Ml,,44,
920,10.65,Food Colouring - Red,,45,
921,17.84,Sauce - Salsa,,46,
922,12.47,Appetizer - Lobster Phyllo Roll,,47,
923,14.23,Cheese - Gouda Smoked,,48,
924,15.41,Salt - Celery,,49,
925,2.09,Cherries - Frozen,,50,
926,19.95,Soup - Tomato Mush. Florentine,,51,
927,19.93,"Soup - Beef Conomme, Dry",,52,
928,15.28,"Yogurt - Peach, 175 Gr",,53,
929,19.15,Country Roll,,54,
930,17.16,Veal - Kidney,,55,
931,13.43,"Turkey - Breast, Boneless Sk On",,56,
932,8.52,Bread Country Roll,,57,
933,19.62,Crab - Meat Combo,,58,
934,12.3,Beef Flat Iron Steak,,59,
935,3.63,Mushroom - King Eryingii,,60,
936,8.37,"Oil - Truffle, White",,61,
937,10.95,Dried Peach,,62,
938,5.41,Lidsoupcont Rp12dn,,63,
939,18.52,Nantucket Cranberry Juice,,64,
940,16.13,Ice Cream - Chocolate,,65,
941,14.76,Oil - Pumpkinseed,,66,
942,2.15,Pork - Belly Fresh,,67,
943,9.59,Tomatoes - Hot House,,68,
944,4.62,Veal - Ground,,69,
945,2.3,"Schnappes - Peach, Walkers",,70,
946,3.23,Laundry - Bag Cloth,,71,
947,19.37,Avocado,,72,
948,16.31,Chips - Potato Jalapeno,,73,
949,2.04,Lobster - Canned Premium,,74,
950,19.46,Soup - Campbells Beef Noodle,,75,
951,16.0,"Roe - Lump Fish, Black",,76,
952,6.71,Smoked Tongue,,77,
953,4.29,Gatorade - Orange,,78,
954,14.47,Capers - Ox Eye Daisy,,79,
955,18.15,Broom And Broom Rack White,,80,
956,13.64,Ecolab Crystal Fusion,,81,
957,18.56,Spice - Onion Powder Granulated,,82,
958,11.02,Broom Handle,,83,
959,6.21,"Beef - Ox Tail, Frozen",,84,
960,17.19,Shiratamako - Rice Flour,,85,
961,14.71,Table Cloth 81x81 White,,86,
962,4.75,Soup - Verve - Chipotle Chicken,,87,
963,3.21,"Orange - Canned, Mandarin",,88,
964,4.63,Cookies - Englishbay Wht,,89,
965,13.38,Table Cloth 91x91 Colour,,90,
966,4.68,Horseradish Root,,91,
967,6.63,Fudge - Chocolate Fudge,,92,
968,7.03,Bread Sour Rolls,,93,
969,14.21,"Wine - Red, Lurton Merlot De",,94,
970,7.28,"Chocolate - Pistoles, White",,95,
971,16.28,Yukon Jack,,96,
972,8.81,Appetizer - Tarragon Chicken,,97,
973,5.69,Icecream - Dibs,,98,
974,6.87,Beef Tenderloin Aaa,,99,
975,3.13,"Soup - Canadian Pea, Dry Mix",,100,
976,18.3,Thermometer Digital,,101,
977,5.18,Wine - Domaine Boyar Royal,,102,
978,19.67,Wine - Piper Heidsieck Brut,,103,
979,14.85,Pears - Fiorelle,,104,
980,17.56,Sunflower Seed Raw,,105,
981,15.88,Ecolab - Mikroklene 4/4 L,,106,
982,11.34,"Pepper - Paprika, Hungarian",,107,
983,4.92,"Bread - Roll, Calabrese",,108,
984,3.63,Grenadillo,,109,
985,5.86,Buffalo - Striploin,,110,
986,11.18,Longos - Burritos,,111,
987,17.49,Sherbet - Raspberry,,112,
988,3.68,Bread - Triangle White,,113,
989,11.6,Wine - Fat Bastard Merlot,,114,
990,13.36,"Pasta - Bauletti, Chicken White",,115,
991,8.6,Goat - Leg,,116,
992,10.01,Vacuum Bags 12x16,,117,
993,8.35,Sping Loaded Cup Dispenser,,118,
994,12.97,Cabbage - Nappa,,119,
995,5.12,Spinach - Baby,,120,
996,13.5,Vinegar - Champagne,,121,
997,14.03,Assorted Desserts,,122,
998,7.6,"Salmon - Atlantic, No Skin",,123,
999,8.21,"Salmon - Atlantic, Skin On",,124,
1000,16.46,"Cup - 6oz, Foam",,125,
